City ID,City,Country,Lat,Lng,Max Temp,Humidity,Cloudiness,Wind Speed,Current Description
0,Klaksvik,FO,62.2266,-6.589,49.12,78,94,28.7,overcast clouds
1,Shahreza,IR,32.0339,51.8794,55.83,27,0,5.17,clear sky
2,Rikitea,PF,-23.1203,-134.9692,79.65,76,7,8.48,light rain
3,Carnarvon,AU,-24.8667,113.6333,77.07,88,5,9.22,clear sky
4,Kruisfontein,ZA,-34.0033,24.7314,74.73,70,12,13.62,few clouds
5,Jamestown,US,42.097,-79.2353,56.71,69,100,8.05,light rain
6,Bengkulu,ID,-3.8004,102.2655,77.85,87,99,4.54,overcast clouds
7,Alta Floresta,BR,-9.8756,-56.0861,87.62,66,40,3.44,scattered clouds
8,Barrow,US,71.2906,-156.7887,-14.78,76,100,9.22,overcast clouds
9,Butaritari,KI,3.0707,172.7902,79.88,83,42,18.16,light rain
10,Lebu,CL,-37.6167,-73.65,62.04,47,91,11.5,overcast clouds
11,Hobart,AU,-42.8794,147.3294,55.26,88,14,9.22,few clouds
12,Piney Green,US,34.716,-77.3202,79.02,59,40,13.8,scattered clouds
13,Kaitangata,NZ,-46.2817,169.8464,47.97,96,19,3.8,few clouds
14,Avarua,CK,-21.2078,-159.775,75.25,88,20,3.44,few clouds
15,Punta Arenas,CL,-53.15,-70.9167,50.02,66,40,16.11,scattered clouds
16,Port Elizabeth,ZA,-33.918,25.5701,78.31,80,20,12.66,few clouds
17,Sistranda,NO,63.7256,8.834,49.96,68,97,34.83,overcast clouds
18,Kirakira,SB,-10.4544,161.9205,81.23,82,100,5.99,overcast clouds
19,Hilo,US,19.7297,-155.09,71.33,90,100,8.05,overcast clouds
20,Mataura,NZ,-46.1927,168.8643,47.48,99,19,2.15,few clouds
21,Richards Bay,ZA,-28.783,32.0377,75.54,61,16,10.63,few clouds
22,Vaini,TO,-21.2,-175.2,74.89,84,100,30.29,moderate rain
23,Faanui,PF,-16.4833,-151.75,82.76,71,2,17.25,clear sky
24,Ancud,CL,-41.8697,-73.8203,55.74,59,100,3.13,overcast clouds
25,Nanortalik,GL,60.1432,-45.2371,19.26,81,49,11.36,scattered clouds
26,Busselton,AU,-33.65,115.3333,66.65,51,100,14.92,light rain
27,Aden,YE,12.7794,45.0367,79.34,67,1,7.67,clear sky
28,Albany,US,42.6001,-73.9662,60.73,87,100,1.99,overcast clouds
29,Ribeira Grande,PT,38.5167,-28.7,57.6,58,75,9.22,broken clouds
30,Port Blair,IN,11.6667,92.75,77.04,94,100,5.75,drizzle
31,Yarovoye,RU,52.9273,78.58,3.33,100,81,5.5,broken clouds
32,Ushuaia,AR,-54.8,-68.3,42.46,70,20,5.75,few clouds
33,Camacha,PT,33.0833,-16.3333,60.22,59,75,10.36,broken clouds
34,Qaanaaq,GL,77.484,-69.3632,-6.97,93,100,6.24,overcast clouds
35,Clyde River,CA,70.4692,-68.5914,-19.97,76,75,3.44,broken clouds
36,Tiksi,RU,71.6872,128.8694,7.45,78,100,25.19,overcast clouds
37,Banda Aceh,ID,5.5577,95.3222,80.31,79,100,14.94,overcast clouds
38,Walvis Bay,NA,-22.9575,14.5053,67.08,62,29,13.11,scattered clouds
39,Puerto Leguizamo,CO,-0.1934,-74.7819,79.75,85,96,4.88,overcast clouds
40,Provideniya,RU,64.3833,-173.3,-1.88,69,0,6.2,clear sky
41,Ponta Do Sol,PT,32.6667,-17.1,65.03,73,58,11.65,broken clouds
42,Bluff,NZ,-46.6,168.3333,47.8,93,26,9.86,scattered clouds
43,Kenai,US,60.5544,-151.2583,30.15,92,0,4.61,clear sky
44,Chokurdakh,RU,70.6333,147.9167,-21.41,100,69,5.48,broken clouds
45,Hobyo,SO,5.3505,48.5268,80.13,65,33,14.81,scattered clouds
46,Khatanga,RU,71.9667,102.5,10,97,97,4.9,light snow
47,Bredasdorp,ZA,-34.5322,20.0403,75.49,69,12,15.88,few clouds
48,Namatanai,PG,-3.6667,152.4333,80.08,78,90,8.79,overcast clouds
49,Bodden Town,KY,19.2833,-81.25,84.99,61,20,9.22,few clouds
50,Hasaki,JP,35.7333,140.8333,41.4,87,100,18.99,overcast clouds
51,Airai,TL,-8.9266,125.4092,60.98,95,100,2.08,overcast clouds
52,Cayon,KN,17.35,-62.7333,81.93,65,20,19.57,few clouds
53,Alofi,NU,-19.0595,-169.9187,75.09,88,100,2.3,overcast clouds
54,Hermanus,ZA,-34.4187,19.2345,78.8,65,0,21.99,clear sky
55,Inuvik,CA,68.3499,-133.7218,-10.34,77,100,10.36,light snow
56,Atuona,PF,-9.8,-139.0333,78.08,79,16,18.3,light rain
57,Saint Simons,US,31.1352,-81.3901,76.01,71,0,17.27,clear sky
58,Natal,BR,-5.795,-35.2094,81.25,94,75,14.97,broken clouds
59,Almeirim,BR,-1.5233,-52.5817,79.16,83,98,2.48,overcast clouds
60,Severo-Kurilsk,RU,50.6789,156.125,32.72,98,100,16.4,light snow
61,Cazones,MX,20.7167,-97.3167,67.8,100,100,11.5,mist
62,Georgetown,MY,5.4112,100.3354,85.95,87,20,6.91,light rain
63,Faya,SA,18.3851,42.4509,66.31,56,2,8.14,clear sky
64,Palana,RU,59.1167,159.9667,17.65,84,99,6.38,overcast clouds
65,Broome,US,42.2506,-75.833,63.37,78,20,9.22,few clouds
66,Sola,VU,-13.8833,167.55,74.07,94,75,0,broken clouds
67,Chato,TZ,-2.6378,31.7669,78.6,58,77,4.99,broken clouds
68,Pangnirtung,CA,66.1451,-65.7125,-25.6,75,0,3.44,clear sky
69,San Patricio,US,28.017,-97.5169,69.89,45,26,11.32,scattered clouds
70,Beruwala,LK,6.4788,79.9828,78.87,85,21,8.08,few clouds
71,Vardo,NO,70.3705,31.1107,36.72,75,96,36.35,overcast clouds
72,San Rafael,AR,-34.6177,-68.3301,65.79,37,100,8.16,overcast clouds
73,Lorengau,PG,-2.0226,147.2712,82.6,70,39,7.76,scattered clouds
74,Isangel,VU,-19.55,169.2667,80.01,86,95,7.16,overcast clouds
75,Cabo San Lucas,MX,22.8909,-109.9124,74.52,43,20,0,few clouds
76,Mosetse,BW,-20.75,26.65,78.44,45,97,11.27,overcast clouds
77,Luderitz,NA,-26.6481,15.1594,77.97,58,4,11.54,clear sky
78,Saint-Philippe,RE,-21.3585,55.7679,80.22,86,99,7.23,light rain
79,Xanlar,AZ,40.5869,46.3158,36.91,60,75,25.32,broken clouds
80,Bealanana,MG,-14.55,48.7333,68.4,96,81,4.07,moderate rain
81,Ubinskoye,RU,55.3068,79.6802,18.88,95,100,9.19,overcast clouds
82,Victoria,HK,22.2855,114.1577,76.17,88,10,15.01,clear sky
83,Iturama,BR,-19.7281,-50.1956,85.17,61,52,3.11,broken clouds
84,Kavaratti,IN,10.5669,72.642,83.53,68,30,13.76,scattered clouds
85,Cape Town,ZA,-33.9258,18.4232,88.12,60,0,18.41,clear sky
86,Surt,LY,31.2089,16.5887,65.34,48,56,32.73,broken clouds
87,Pasewalk,DE,53.5063,13.99,54.41,53,63,11.03,broken clouds
88,Saskylakh,RU,71.9167,114.0833,9.39,97,100,5.53,overcast clouds
89,Kavieng,PG,-2.5744,150.7967,82.78,70,100,14.85,overcast clouds
90,Khandbari,NP,27.3747,87.2039,72.77,45,31,1.74,scattered clouds
91,Hervey Bay,AU,-25.2986,152.8535,72.95,71,33,11.48,scattered clouds
92,Kimbe,PG,-5.5502,150.1429,78.76,89,90,0.89,light rain
93,Sosnovo-Ozerskoye,RU,52.5249,111.5418,-9.63,97,17,5.01,few clouds
94,Kapaa,US,22.0752,-159.319,73.72,78,75,14.97,light rain
95,San Lawrenz,MT,36.0553,14.204,53.85,82,100,8.99,overcast clouds
96,Norman Wells,CA,65.282,-126.8329,-12.96,77,75,2.3,broken clouds
97,Malakal,SS,9.5334,31.6605,99.66,13,27,3.87,scattered clouds
98,Husavik,IS,66.0449,-17.3389,40.35,97,100,13.71,light rain
99,Vila Velha,BR,-20.3297,-40.2925,87.94,67,40,9.22,scattered clouds
100,Chuy,UY,-33.6971,-53.4616,67.35,42,41,14.2,scattered clouds
101,Constitucion,CL,-35.3333,-72.4167,70.18,38,75,7.87,broken clouds
102,Inza,RU,53.8533,46.3586,23.29,94,21,5.23,few clouds
103,Pevek,RU,69.7008,170.3133,-10.64,76,20,11.41,few clouds
104,Puerto Suarez,BO,-18.95,-57.8,75.76,73,0,17.27,moderate rain
105,Grindavik,IS,63.8424,-22.4338,32.47,100,100,17.27,light snow
106,Zhaozhou,CN,45.6833,125.3167,17.19,83,12,2.64,few clouds
107,Kawalu,ID,-7.3817,108.2082,73.33,95,100,1.34,overcast clouds
108,Touros,BR,-5.1989,-35.4608,86.16,61,100,11.21,moderate rain
109,Chapais,CA,49.7834,-74.8492,26.38,75,100,10.04,overcast clouds
110,Narsaq,GL,60.9167,-46.05,23.22,66,76,2.21,broken clouds
111,Tuktoyaktuk,CA,69.4541,-133.0374,-11.2,77,75,16.11,broken clouds
112,Nichinan,JP,31.6,131.3667,47.34,69,94,10.89,overcast clouds
113,Krasnoarmeysk,RU,51.0239,45.6969,16.34,95,96,5.48,overcast clouds
114,Mar Del Plata,AR,-38.0023,-57.5575,66.22,51,20,11.99,few clouds
115,Gazanjyk,TM,39.2446,55.5154,49.39,38,97,18.92,overcast clouds
116,Castro,BR,-24.7911,-50.0119,65.86,96,100,1.7,overcast clouds
117,Cap-Aux-Meules,CA,47.3821,-61.8597,32.05,69,75,9.22,broken clouds
118,East London,ZA,-33.0153,27.9116,76.14,83,0,4.61,clear sky
119,Tasiilaq,GL,65.6145,-37.6368,24.96,70,99,6.31,overcast clouds
120,Yellowknife,CA,62.456,-114.3525,12.72,92,100,3.44,light snow
121,Puksoozero,RU,62.5903,40.6066,31.41,88,44,10.87,scattered clouds
122,Valdemarpils,LV,57.3707,22.5919,43.18,61,9,4.45,clear sky
123,Hirara,JP,24.8,125.2833,68.41,74,89,18.43,overcast clouds
124,Vila Franca Do Campo,PT,37.7167,-25.4333,58.19,55,32,16.17,scattered clouds
125,Sao Filipe,CV,14.8961,-24.4956,70.92,71,20,13.18,few clouds
126,Palu,ID,-0.8917,119.8707,75.99,96,100,1.41,overcast clouds
127,Pemba,MZ,-12.974,40.5178,84.9,79,75,11.5,thunderstorm
128,Tavrichanka,RU,43.3378,131.8639,21.06,75,74,8.97,broken clouds
129,Bambous Virieux,MU,-20.3428,57.7575,82.22,94,75,2.3,light rain
130,Dikson,RU,73.5069,80.5464,7.47,99,100,6.73,overcast clouds
131,Kargasok,RU,59.0556,80.8572,26.62,93,100,11.65,overcast clouds
132,Deputatskiy,RU,69.3,139.9,-15.63,94,31,3.49,scattered clouds
133,Westport,US,41.1415,-73.3579,59.09,97,100,3,overcast clouds
134,Iqaluit,CA,63.7506,-68.5145,-16.31,68,0,10.36,clear sky
135,Tucuman,AR,-26.8241,-65.2226,64.4,77,100,2.3,overcast clouds
136,Cidreira,BR,-30.1811,-50.2056,68.58,82,100,12.06,overcast clouds
137,Acapulco,MX,16.8634,-99.8901,76.82,78,20,4.61,few clouds
138,Lindi,TZ,-10,39.7167,80.53,92,94,3.06,light rain
139,Issoire,FR,45.55,3.25,58.26,49,100,6.11,overcast clouds
140,Yuzha,RU,56.5831,42.0122,29.95,94,15,4.79,few clouds
141,Aitape,PG,-3.1374,142.3475,80.6,82,56,3.22,broken clouds
142,Ossora,RU,59.2353,163.0719,25.43,98,100,3.78,light snow
143,Chone,EC,-0.6833,-80.1,73.02,99,100,2.42,very heavy rain
144,Mizque,BO,-17.941,-65.3402,66.67,75,99,6.58,overcast clouds
145,Pochutla,MX,15.7432,-96.4661,85.82,42,0,3.51,clear sky
146,Sikasso,ML,10.9167,-7,104.79,17,53,2.04,broken clouds
147,Batagay,RU,67.6333,134.6333,-11.83,97,53,4.68,broken clouds
148,Geraldton,AU,-28.7667,114.6,75.61,83,70,11.5,broken clouds
149,Nikolskoye,RU,59.7035,30.7861,37.87,90,82,5.17,broken clouds
150,Myanaung,MM,18.2833,95.3167,83.64,50,32,4.81,scattered clouds
151,Tamale,GH,9.4008,-0.8393,101.71,22,93,4.12,overcast clouds
152,Kyzyl-Suu,KG,42.3414,78.0056,32.11,90,100,6.33,light snow
153,Vuktyl,RU,63.8567,57.3094,31.44,90,100,11.48,overcast clouds
154,Saint-Pierre,RE,-21.3393,55.4781,81.91,90,40,4.61,scattered clouds
155,Te Anau,NZ,-45.4167,167.7167,49.14,95,21,1.81,few clouds
156,Marsa Matruh,EG,31.3525,27.2453,52.11,59,58,20.89,broken clouds
157,Uray,RU,60.1247,64.7758,31.64,93,94,8.72,overcast clouds
158,Careiro Da Varzea,BR,-3.2003,-59.8119,83.03,71,98,5.97,overcast clouds
159,Manacapuru,BR,-3.2997,-60.6206,82.45,71,95,5.28,overcast clouds
160,Parker,US,32.7668,-97.8003,61.38,38,0,1.99,clear sky
161,Esperance,AU,-33.8667,121.9,62.44,72,100,12.53,overcast clouds
162,Berlevag,NO,70.8578,29.0864,36.45,73,74,38.16,light rain
163,Tura,IN,25.5198,90.2201,77.27,31,9,4.09,clear sky
164,Savannah Bight,HN,16.45,-85.85,80.31,79,98,22.84,overcast clouds
165,Taltal,CL,-25.4,-70.4833,69.75,73,18,5.28,few clouds
166,Kodiak,US,57.79,-152.4072,35.11,87,75,9.22,moderate rain
167,Taoudenni,ML,22.6783,-3.9836,89.96,10,78,8.86,broken clouds
168,Inirida,CO,3.8653,-67.9239,81.66,74,100,2.8,overcast clouds
169,Avera,US,33.194,-82.5271,68.05,94,100,12.57,overcast clouds
170,Ugoofaaru,MV,5.6667,73,83.39,72,0,15.08,clear sky
171,Fairbanks,US,64.8378,-147.7164,6.76,78,100,0,overcast clouds
172,New Norfolk,AU,-42.7826,147.0587,54.9,68,14,2.89,few clouds
173,Saldanha,ZA,-33.0117,17.9442,87.85,71,19,15.57,few clouds
174,Labytnangi,RU,66.6572,66.4183,27.99,83,100,12.24,overcast clouds
175,Ende,ID,-8.8432,121.6623,78.39,82,100,3.04,overcast clouds
176,Nanakuli,US,21.3906,-158.1547,74.71,80,75,4.61,broken clouds
177,Cherskiy,RU,68.75,161.3,-7.06,82,35,8.99,scattered clouds
178,Upernavik,GL,72.7868,-56.1549,-6.79,73,100,2.73,overcast clouds
179,Masuda,JP,34.6667,131.85,43.9,84,100,10.04,overcast clouds
180,Bethel,US,41.3712,-73.414,57.02,94,100,9.22,mist
181,Arraial Do Cabo,BR,-22.9661,-42.0278,91.36,49,0,17.27,clear sky
182,San Quintin,MX,30.4833,-115.95,59.07,85,19,6.82,few clouds
183,Guerrero Negro,MX,27.9769,-114.0611,60.66,82,0,6.38,clear sky
184,Vao,NC,-22.6667,167.4833,73.96,87,100,9.66,light rain
185,Manica,FR,49,-1.1667,57.25,57,12,11.23,few clouds
186,Oga,IT,46.4631,10.347,47.08,94,100,5.41,overcast clouds
187,Hithadhoo,MV,-0.6,73.0833,84.07,71,21,16.8,few clouds
188,Puerto Ayora,EC,-0.7393,-90.3518,85.96,71,21,2.84,few clouds
189,Sobolevo,RU,54.4299,31.8996,31.75,92,8,3.58,clear sky
190,Nome,US,64.5011,-165.4064,1.47,60,0,16.11,clear sky
191,Brae,GB,60.3964,-1.353,47.82,74,66,20.71,broken clouds
192,Catamarca,AR,-28.4696,-65.7852,65.89,69,46,14.41,scattered clouds
193,Gamba,GA,-2.65,10,84.04,72,87,14.25,overcast clouds
194,Kupino,RU,54.3663,77.2981,7.21,99,75,7.02,broken clouds
195,Ibra,OM,22.6906,58.5334,80.51,16,0,6.71,clear sky
196,Marawi,PH,7.9986,124.2928,69.31,93,53,1.79,light rain
197,Port Keats,AU,-14.25,129.55,83.41,70,97,3.62,overcast clouds
198,Rulenge,TZ,-2.7175,30.6325,73.69,76,85,3.09,light rain
199,Lavrentiya,RU,65.5833,-171,-11.45,80,11,7.05,few clouds
200,Mersin,TR,36.862,34.6509,42.73,37,91,9.75,overcast clouds
201,Samur,RU,41.8253,48.486,37.63,95,100,5.5,overcast clouds
202,Lakes Entrance,AU,-37.8811,147.981,53.17,88,2,6.35,clear sky
203,Romanovka,RU,51.7443,42.7527,21.87,93,30,4.41,scattered clouds
204,Nhulunbuy,AU,-12.2333,136.7667,81.21,89,13,4.61,few clouds
205,Mahibadhoo,MV,3.7833,72.9667,83.08,73,9,16.33,clear sky
206,Cooma,AU,-36.2333,149.1333,55.17,94,100,4.61,overcast clouds
207,Bandarbeyla,SO,9.4942,50.8122,79.12,69,0,10.13,clear sky
208,Marzuq,YE,14.4,46.4667,76.03,33,3,8.66,clear sky
209,Novoseleznevo,RU,55.6821,69.2056,12.27,95,43,9.55,scattered clouds
210,Bafata,GW,12.1667,-14.75,108.27,8,18,2.39,few clouds
211,Almaznyy,RU,48.0448,40.045,29.7,46,1,13.49,clear sky
212,Christchurch,NZ,-43.5333,172.6333,59.95,81,75,2.3,haze
213,Vostok,RU,46.4856,135.8833,9.72,98,91,1.72,overcast clouds
214,Arrifes,PT,37.7667,-25.7,56.23,62,40,16.11,scattered clouds
215,Tapes,BR,-30.6733,-51.3958,70.7,66,88,15.68,overcast clouds
216,Saint-Joseph,RE,-21.3667,55.6167,79.21,85,100,6.67,light rain
217,Horsham,GB,51.064,-0.3272,59.49,48,0,19.57,clear sky
218,Pacific Grove,US,36.6177,-121.9166,53.28,88,100,5.99,overcast clouds
219,Kanker,IN,20.2719,81.4931,84.36,25,94,3.13,overcast clouds
220,Taree,AU,-31.9,152.4667,64.33,77,100,8.05,overcast clouds
221,Pedernales,DO,18.0384,-71.744,84.18,49,53,2.42,broken clouds
222,Thessalon,CA,46.2501,-83.5666,35.89,96,100,7,light rain
223,Poum,NC,-20.2333,164.0167,76.14,95,100,18.23,light rain
224,Rocha,UY,-34.4833,-54.3333,65.28,42,7,14.54,clear sky
225,Krasnokamensk,RU,50.0979,118.0369,10.04,93,100,3.51,overcast clouds
226,Hami,CN,42.8,93.45,46.72,27,100,15.77,overcast clouds
227,Zhuhai,CN,22.2769,113.5678,77.86,94,40,6.91,scattered clouds
228,Ilulissat,GL,69.2167,-51.1,6.82,72,75,1.14,light snow
229,Kloulklubed,PW,7.0419,134.2556,77.5,76,100,18.75,overcast clouds
230,Oriximina,BR,-1.7656,-55.8661,78.4,82,87,3.42,overcast clouds
231,Gari,RU,59.4307,62.3497,27.88,99,48,4.92,scattered clouds
232,Channel-Port Aux Basques,CA,47.5702,-59.1367,29.75,58,24,10.13,few clouds
233,Portobelo,PA,9.55,-79.65,82.72,79,35,14.36,scattered clouds
234,Oranjemund,NA,-28.55,16.4333,76.08,60,7,14.97,clear sky
235,Lasa,IT,46.6166,10.7002,54.48,93,98,2.84,overcast clouds
236,Amga,RU,60.8953,131.9608,1.81,99,100,1.19,overcast clouds
237,Alyangula,AU,-13.8483,136.4192,76.87,100,98,0,overcast clouds
238,Pasighat,IN,28.0667,95.3333,77.83,35,3,4.99,clear sky
239,Pouembout,NC,-21.1333,164.9,74.28,97,100,3.96,overcast clouds
240,Beloha,MG,-25.1667,45.05,71.89,58,23,12.26,few clouds
241,Saint Pete Beach,US,27.7253,-82.7412,82.24,76,75,5.99,broken clouds
242,Florianopolis,BR,-27.6146,-48.5012,80.35,84,75,10.36,broken clouds
243,Fort Nelson,CA,58.8053,-122.7002,15.39,86,75,0,broken clouds
244,Kumla,SE,59.1277,15.1434,52.68,30,0,13.8,clear sky
245,Brainerd,US,46.358,-94.2008,35.85,75,0,0,clear sky
246,Havre-Saint-Pierre,CA,50.2334,-63.5986,24.8,46,0,9.22,clear sky
247,Praia Da Vitoria,PT,38.7333,-27.0667,57.76,82,75,11.86,broken clouds
248,Namtsy,RU,62.7161,129.6658,-17.66,100,77,2.48,broken clouds
249,Pavlivka,UA,49.4414,28.4596,37.17,37,0,6.67,clear sky
250,Port Alfred,ZA,-33.5906,26.891,75.81,82,96,16.44,overcast clouds
251,Kahului,US,20.8947,-156.47,73.85,80,100,14.97,overcast clouds
252,Mahebourg,MU,-20.4081,57.7,82.26,94,75,2.3,broken clouds
253,Asau,RO,46.4333,26.4,38.32,38,81,9.95,broken clouds
254,Katsuura,JP,35.1333,140.3,47.61,88,100,18.52,overcast clouds
255,Maues,BR,-3.3836,-57.7186,85.53,66,91,3.49,overcast clouds
256,Fortuna,US,40.5982,-124.1573,48.65,96,100,6.91,moderate rain
257,Kandalaksha,RU,67.162,32.4123,39.7,80,98,19.3,overcast clouds
258,Roald,NO,62.5833,6.1333,53.1,54,0,16.11,clear sky
259,Sao Joao Da Barra,BR,-21.6403,-41.0511,89.69,68,7,11.07,clear sky
260,Tessalit,ML,20.1986,1.0114,93.58,9,1,9.75,clear sky
261,Mackenzie,CA,55.2999,-123.1698,34.02,93,100,0,overcast clouds
262,Saint-Augustin,CA,51.226,-58.6502,21.29,69,5,13.65,clear sky
263,Gizo,SB,-8.103,156.8419,82.85,73,98,9.46,overcast clouds
264,Thompson,CA,55.7435,-97.8558,17.76,79,75,9.22,broken clouds
265,Estacion Coahuila,MX,32.1939,-115.0017,68.86,15,100,8.19,overcast clouds
266,Marfino,RU,55.7028,37.3822,44.74,36,0,6.71,clear sky
267,Vilcun,CL,-38.65,-72.2333,54.34,32,100,3.38,overcast clouds
268,Adrar,MR,20.5022,-10.0711,86.23,12,71,2.68,broken clouds
269,Polistena,IT,38.406,16.08,53.01,87,100,9.44,overcast clouds
270,Ketchikan,US,55.3422,-131.6461,37.38,93,40,8.05,light rain
271,Qaqortoq,GL,60.7167,-46.0333,17.31,77,72,4.29,broken clouds
272,Ixtapa,MX,20.7,-105.2,63.63,59,20,4.61,few clouds
273,Tuatapere,NZ,-46.1333,167.6833,51.87,95,35,3,scattered clouds
274,Vila Do Maio,CV,15.1333,-23.2167,75.99,72,42,18.84,scattered clouds
275,Zambezi,ZM,-13.5432,23.1047,75.81,79,68,3.87,light rain
276,Port Augusta,AU,-32.5,137.7667,81.75,44,36,4.85,scattered clouds
277,Komsomolskiy,UZ,40.4272,71.7189,39.92,81,75,6.91,broken clouds
278,Svetlogorsk,BY,52.6333,29.7333,37.87,48,0,7.14,clear sky
279,Abu Samrah,SY,35.3029,37.1841,43.32,52,54,14.81,broken clouds
280,Qui Nhon,VN,13.7667,109.2333,76.26,92,100,3.51,overcast clouds
281,Namibe,AO,-15.1961,12.1522,85.39,49,28,19.42,scattered clouds
282,Khor,RU,47.8861,134.9464,-1.82,100,69,2.59,broken clouds
283,Bubaque,GW,11.2833,-15.8333,77.18,61,64,16.49,broken clouds
284,Rudnogorsk,RU,57.2639,103.7519,14.76,92,100,8.81,overcast clouds
285,Takoradi,GH,4.8845,-1.7554,85.78,69,33,11.03,light rain
286,Bud,US,39.447,-86.1758,46.42,89,100,16.2,light rain
287,Mount Gambier,AU,-37.8333,140.7667,53.51,87,69,4.61,broken clouds
288,San Isidro,PE,-12.1167,-77.05,70.5,57,100,5.75,overcast clouds
289,Port Hawkesbury,CA,45.6169,-61.3485,41.92,63,0,10.36,clear sky
290,Sirawai,PH,7.5854,122.1407,80.2,86,64,2.15,broken clouds
291,Pahrump,US,36.2083,-115.9839,58.32,15,100,10.11,overcast clouds
292,Kangaatsiaq,GL,68.3065,-53.4641,-2.27,83,100,13.47,overcast clouds
293,Prince Rupert,CA,54.3161,-130.3201,38.89,86,0,20.71,clear sky
294,Kununurra,AU,-15.7667,128.7333,82.38,78,99,3.44,overcast clouds
295,Dolores,AR,-36.3132,-57.6792,64.47,35,1,5.55,clear sky
296,Mayo,US,38.8876,-76.5119,70.52,71,40,10.36,scattered clouds
297,Along,IN,28.1667,94.7667,71.92,45,4,2.17,clear sky
298,Nemuro,JP,43.3236,145.575,28.83,90,100,36.64,light snow
299,Kirkland Lake,CA,48.1446,-80.0377,34.09,64,100,6.62,overcast clouds
300,Filingue,NE,14.3521,3.3168,103.26,6,13,4.63,few clouds
301,Tabou,CI,4.423,-7.3528,84.18,74,18,10.02,light rain
302,Saint George,US,37.1041,-113.5841,45.19,36,0,3.44,clear sky
303,Novoagansk,RU,61.9449,76.6625,29.62,91,100,13.78,overcast clouds
304,Aklavik,CA,68.2191,-135.0107,-9.4,70,100,11.5,overcast clouds
305,Teacapan,MX,22.55,-105.75,68.22,41,3,3.83,clear sky
306,Coquimbo,CL,-29.9533,-71.3436,64.13,77,40,14.97,scattered clouds
307,Nigran,ES,42.1415,-8.8066,65.17,45,20,9.22,few clouds
308,Longyearbyen,SJ,78.2186,15.6401,24.64,93,75,0,broken clouds
309,Baruun-Urt,MN,46.6806,113.2792,22.23,69,100,5.5,overcast clouds
310,Pitimbu,BR,-7.4706,-34.8086,88.39,61,100,10.04,overcast clouds
311,El Fuerte,MX,26.4189,-108.6194,70.84,22,0,4.27,clear sky
312,Kapit,MY,2.0167,112.9333,73.8,100,100,1.41,moderate rain
313,Palmer,US,42.1584,-72.3287,57.85,86,100,1.99,overcast clouds
314,Tsogni,GA,-2.7942,10.0988,83.05,73,100,13.4,overcast clouds
315,Bikapur,IN,26.6,82.1333,84.61,21,4,7.78,clear sky
316,Vanderhoof,CA,54.0166,-124.0198,30.51,98,100,1.97,snow
317,Awash,ET,8.9833,40.1667,87.28,26,70,14.34,broken clouds
318,Barzas,RU,55.7167,86.3167,18.16,95,99,7.7,overcast clouds
319,Kalmunai,LK,7.4167,81.8167,77.88,87,66,6.38,broken clouds
320,Narok,KE,-1.0783,35.8601,75.78,34,74,2.46,broken clouds
321,Thunder Bay,CA,48.4001,-89.3168,30.18,80,0,6.91,clear sky
322,Nalut,LY,30.3333,10.85,75.54,15,1,15.26,clear sky
323,Talnakh,RU,69.4865,88.3972,9.21,97,100,4.79,light snow
324,Riyadh,SA,24.6877,46.7219,77.14,10,0,7.09,clear sky
325,Half Moon Bay,US,37.4636,-122.4286,53.91,84,100,6.91,mist
326,Wageningen,NL,51.9667,5.6667,57.09,33,0,14.97,clear sky
327,Yaan,NG,7.3833,8.5667,103.39,10,27,4.85,scattered clouds
328,Champerico,GT,14.3,-91.9167,86.54,65,2,10.27,clear sky
329,Naze,JP,28.3667,129.4833,59.92,73,58,12.48,broken clouds
330,Nyurba,RU,63.2842,118.3319,10.36,89,100,9.01,overcast clouds
331,Gweru,ZW,-19.45,29.8167,68.94,58,72,10.76,broken clouds
332,Challans,FR,46.8436,-1.8749,63.52,64,63,10.27,broken clouds
333,Hammerfest,NO,70.6634,23.6821,37.85,70,40,18.41,light rain
334,Lagoa,PT,39.05,-27.9833,54.36,57,98,12.03,overcast clouds
335,Maniitsoq,GL,65.4167,-52.9,0.32,82,100,5.32,overcast clouds
336,Hurghada,EG,27.2574,33.8129,71.64,36,0,21.09,clear sky
337,Hofn,IS,64.2539,-15.2082,45.88,88,100,31.16,overcast clouds
338,Shimoda,JP,34.6667,138.95,47.1,73,9,9.4,clear sky
339,Tual,ID,-5.6667,132.75,84.92,71,74,7.25,broken clouds
340,Tabat,ID,-2.635,115.2274,74.93,97,100,1.16,light rain
341,Bumba,CD,2.1833,22.4667,95.81,30,98,1.99,overcast clouds
342,Ostrovnoy,RU,68.0531,39.5131,35.92,93,100,35.03,overcast clouds
343,Ukiah,US,39.1502,-123.2078,48.36,89,100,3.44,overcast clouds
344,Kang,BW,-23.6752,22.7876,78.3,39,44,7.45,scattered clouds
345,Tungor,RU,53.3808,142.9564,23.2,97,99,10.4,overcast clouds
346,Mwingi,KE,-0.9344,38.0601,85.5,33,82,10.07,broken clouds
347,Valdivia,CL,-39.8142,-73.2459,53.69,44,100,2.19,overcast clouds
348,Atambua,ID,-9.1061,124.8925,74.39,88,100,3.91,overcast clouds
349,Kota Kinabalu,MY,5.9749,116.0724,76.98,94,20,5.99,few clouds
350,Jati,PK,24.3539,68.2671,82.69,50,3,14.72,clear sky
351,Kitimat,CA,54.0524,-128.6534,35.91,32,98,3.78,overcast clouds
352,Kondinskoye,RU,59.6481,67.41,32.34,91,100,10.49,overcast clouds
353,Dom Pedrito,BR,-30.9828,-54.6731,66.36,43,0,10.18,clear sky
354,Priiskovyy,RU,51.9333,116.6333,4.59,98,100,1.5,overcast clouds
355,Turkistan,KZ,43,68,39.06,49,0,8.52,clear sky
356,Port Lincoln,AU,-34.7333,135.8667,65.07,88,83,11.83,broken clouds
357,Windsor,CA,42.3001,-83.0165,50.11,96,100,11.5,mist
358,Nouadhibou,MR,20.931,-17.0347,69.78,68,0,20.71,clear sky
359,Wetaskiwin,CA,52.9668,-113.3687,22.41,93,11,3.11,few clouds
360,Pueblo Nuevo,MX,23.3833,-105.3833,61.61,10,1,2.91,clear sky
361,Cururupu,BR,-1.8283,-44.8683,78.71,85,100,4.23,moderate rain
362,Ahipara,NZ,-35.1667,173.1667,65.66,88,27,13.96,light rain
363,Dormidontovka,RU,47.7702,134.9076,-1.77,100,80,2.42,broken clouds
364,Alvaraes,BR,-3.2208,-64.8042,85.87,74,100,3.65,overcast clouds
365,Rawson,AR,-43.3002,-65.1023,55.98,50,60,12.8,broken clouds
366,Gualeguay,AR,-33.1416,-59.3097,66.65,33,1,8.41,clear sky
367,Oakdale,US,44.963,-92.9649,32.32,94,100,5.75,overcast clouds
368,Auki,SB,-8.7676,160.7034,77.4,87,100,3.38,overcast clouds
369,Teya,RU,60.3778,92.6267,22.95,91,100,9.31,overcast clouds
370,Boa Vista,BR,2.8197,-60.6733,82.38,65,75,13.8,broken clouds
371,Nassau,US,40.7507,-73.5829,61.81,78,100,9.22,overcast clouds
372,Araouane,ML,18.9048,-3.5265,93.96,9,0,5.97,clear sky
373,Visp,CH,46.2937,7.8815,55.22,70,7,0.43,clear sky
374,Ulladulla,AU,-35.35,150.4667,63.5,82,95,5.73,overcast clouds
375,Scarborough,GB,54.2797,-0.4044,51.37,68,25,14,scattered clouds
376,Energeticheskiy,KZ,43.4278,77.0222,36.16,80,100,2.1,overcast clouds
377,Santiago De Cao,PE,-7.9589,-79.2392,64.53,94,100,6.91,fog
378,Serowe,BW,-22.3833,26.7167,78.21,37,42,9.93,scattered clouds
379,Aasiaat,GL,68.7098,-52.8699,-2.81,86,100,5.66,overcast clouds
380,Aswan,EG,24.0934,32.907,82.81,8,0,12.57,clear sky
381,Shingu,JP,33.7333,135.9833,46.81,84,38,6.6,scattered clouds
382,Batagay-Alyta,RU,67.8006,130.4114,-24.16,84,1,7.63,clear sky
383,Borogontsy,RU,62.6683,131.1683,-15.11,100,85,1.79,overcast clouds
384,Esmeraldas,BR,-19.7625,-44.3139,87.91,50,5,2.75,clear sky
385,Srednekolymsk,RU,67.45,153.6833,-12.3,98,100,1.77,overcast clouds
386,Harper,LR,4.375,-7.7169,84.87,71,26,9.91,light rain
387,A Coruna,ES,43.3713,-8.396,70.52,40,20,0,few clouds
388,Puerto Escondido,MX,15.85,-97.0667,81.43,83,0,5.75,clear sky
389,Codrington,AU,-38.2667,141.9667,60.62,72,55,4.27,broken clouds
390,Kuching,MY,1.55,110.3333,75.42,100,40,2.3,scattered clouds
391,Vyshneve,UA,50.3891,30.3705,42.17,32,0,5.21,clear sky
392,Beboto,TD,8.2668,16.939,103.01,8,3,4.43,clear sky
393,Ulaangom,MN,49.9811,92.0667,6.87,87,100,3.85,overcast clouds
394,Vestmannaeyjar,IS,63.4427,-20.2734,47.39,93,100,33.38,mist
395,San Jose De Rio Tinto,HN,14.9333,-85.7,83.77,63,91,4.72,overcast clouds
396,Padang,ID,-0.9492,100.3543,79.54,79,100,1.74,light rain
397,Mogadishu,SO,2.0371,45.3438,80.44,78,16,18.37,few clouds
398,Sehithwa,BW,-20.4667,22.7167,78.82,50,97,5.46,overcast clouds
399,San Buenaventura,MX,27.0833,-101.5333,58.12,30,0,4.61,clear sky
400,Souillac,MU,-20.5167,57.5167,79.18,94,75,2.3,light rain
401,Puerto Del Rosario,ES,28.5004,-13.8627,67.75,73,20,11.5,few clouds
402,Sao Joao Do Piaui,BR,-8.3581,-42.2467,88.74,42,100,4.7,overcast clouds
403,Barcelos,PT,41.5388,-8.6151,65.91,64,73,1.32,broken clouds
404,Hambantota,LK,6.1241,81.1185,80.94,94,20,2.3,few clouds
405,Svoronos,GR,40.2644,22.46,46.99,66,99,9.4,overcast clouds
406,Columbus,US,39.9612,-82.9988,53.47,91,100,20.71,moderate rain
407,Salvador,SV,13.8333,-88.9167,81,64,95,1.77,overcast clouds
408,Buraydah,SA,26.326,43.975,82.85,11,0,4.47,clear sky
409,Yulara,AU,-25.2406,130.9889,85.84,20,40,12.66,scattered clouds
410,Toyooka,JP,35.5333,134.8333,41.7,89,100,6.06,overcast clouds
411,Burnie,AU,-41.0667,145.9167,61.5,77,89,8.37,overcast clouds
412,Menongue,AO,-14.6585,17.691,72.77,71,100,3.2,overcast clouds
413,Arlit,NE,18.7369,7.3853,98.58,7,6,7.94,clear sky
414,Ust-Tsilma,RU,65.441,52.1498,30.69,84,41,10.63,scattered clouds
415,Garowe,SO,8.4054,48.4845,87.93,17,7,7,clear sky
416,Lishui,CN,28.4604,119.9103,59.25,88,100,3.04,overcast clouds
417,Aripuana,BR,-9.1667,-60.6333,79.84,78,100,2.59,overcast clouds
418,Borba,BR,-4.3878,-59.5939,86.23,62,100,4.7,overcast clouds
419,Bilibino,RU,68.0546,166.4372,-19.19,83,6,3.27,clear sky
420,Atar,MR,20.5169,-13.0499,89.96,12,3,8.77,clear sky
421,Bereda,ES,43.2686,-7.5406,63.57,62,83,2.59,light rain
422,Tevaitoa,PF,-16.7833,-151.5,82.6,72,7,16.69,clear sky
423,Sirjan,IR,29.452,55.6814,65.32,9,0,6.33,clear sky
424,Oktyabrskiy,RU,54.4815,53.471,28.76,95,100,4.94,overcast clouds
425,Red Deer,CA,52.2668,-113.802,28.89,74,40,3.44,scattered clouds
426,Lompoc,US,34.6391,-120.4579,53.53,85,100,1.01,overcast clouds
427,Kushima,JP,31.4583,131.2333,47.64,69,93,10.25,overcast clouds
428,Beringovskiy,RU,63.05,179.3167,-9.54,83,4,4.81,clear sky
429,Mugumu,TZ,-1.85,34.7,71.69,60,84,5.44,light rain
430,Vylkove,UA,45.4021,29.586,37.74,45,31,14.58,scattered clouds
431,Mosquera,CO,4.7059,-74.2302,64.49,55,75,8.05,broken clouds
432,Sao Jose Da Coroa Grande,BR,-8.8978,-35.1478,84,64,90,8.32,overcast clouds
433,Hirado,JP,33.3597,129.5531,45.39,65,100,13.4,overcast clouds
434,Avallon,FR,47.4833,3.9,56.26,57,2,12.5,clear sky
435,Aksarka,RU,66.5606,67.7975,28.85,84,100,15.55,overcast clouds
436,Torbay,CA,47.6666,-52.7314,33.89,72,75,21.85,broken clouds
437,Kolyvan,RU,55.3053,82.7391,19.02,98,98,6.87,overcast clouds
438,Manta,EC,-0.95,-80.7333,76.78,94,100,3.44,light rain
439,Tahoua,NE,14.8888,5.2692,100.38,9,7,2.3,clear sky
440,Bacong,PH,9.2464,123.2956,79.95,89,99,5.97,overcast clouds
441,Kahramanmaras,TR,38,37,18.28,63,100,11.86,overcast clouds
442,Darnah,LY,32.767,22.6367,50.47,76,100,22.15,overcast clouds
443,Oktyabrskoye,RU,43.0645,44.7417,26.74,92,100,6.71,light snow
444,Tambopata,PE,-12.7333,-69.1833,78.69,89,75,3.44,moderate rain
445,Rio Grande,BR,-32.035,-52.0986,73.51,56,72,14,broken clouds
446,Saryozek,KZ,44.3583,77.9753,31.55,60,100,7.11,overcast clouds
447,College,US,64.8569,-147.8028,6.75,77,100,0,overcast clouds
448,Abu Kamal,SY,34.4506,40.9171,51.66,62,37,20.78,scattered clouds
449,Kerewan,GM,13.4898,-16.0888,99.25,12,4,8.05,clear sky
450,Atherton,GB,53.5237,-2.4935,61.99,43,0,13,clear sky
451,Ballina,AU,-28.8667,153.5667,69.76,93,100,10.36,overcast clouds
452,Buala,SB,-8.145,159.5921,80.92,77,100,4.81,overcast clouds
453,Dalvik,IS,65.9702,-18.5286,31.93,96,100,1.32,snow
454,Sitka,US,57.0531,-135.33,39.09,70,100,12.66,overcast clouds
455,Hirson,FR,49.9226,4.0826,57.42,47,0,14.25,clear sky
456,Correntina,BR,-13.3433,-44.6367,84.02,53,35,4.14,scattered clouds
457,Hamilton,US,39.1834,-84.5333,50.05,86,100,12.66,overcast clouds
458,Voh,NC,-20.9667,164.7,74.1,97,100,4.29,overcast clouds
459,Carmignano,IT,43.8114,11.0155,62.73,39,0,18.41,clear sky
460,San Antonio,US,29.4241,-98.4936,66.33,38,0,6.91,clear sky
461,Raub,MY,3.7899,101.857,75.94,91,72,0.51,broken clouds
462,Krasnoselkup,RU,65.7,82.4667,23.61,91,100,9.64,overcast clouds
463,Cockburn Town,TC,21.4612,-71.1419,78.58,71,28,19.24,scattered clouds
464,Santa Isabel Do Rio Negro,BR,-0.4139,-65.0192,78.87,93,100,4.97,overcast clouds
465,Mitzic,GA,0.7821,11.549,86.5,54,73,4.03,broken clouds
466,San Carlos De Bariloche,AR,-41.1456,-71.3082,58.75,29,0,9.22,clear sky
467,Gravdal,NO,68.1214,13.5031,43.45,93,100,37.83,light rain
468,Chisec,GT,15.8167,-90.2833,82.63,83,50,1.52,scattered clouds
469,Jacareacanga,BR,-6.2222,-57.7528,82.6,74,99,2.68,overcast clouds
470,Puerto Madryn,AR,-42.7692,-65.0385,56.64,53,47,12.3,scattered clouds
471,Rivera,UY,-30.9053,-55.5508,64.76,43,0,11.95,clear sky
472,Mpanda,TZ,-6.3655,31.0409,74.68,87,99,1.92,light rain
473,Siuna,NI,13.7332,-84.7773,73.98,94,94,3.38,overcast clouds
474,Silae,PH,8.1589,125.2825,69.15,97,82,2.64,broken clouds
475,Ambilobe,MG,-13.2,49.05,76.96,92,80,3.58,light rain
476,Tautira,PF,-17.7333,-149.15,81.99,73,35,15.12,scattered clouds
477,Calama,CL,-22.4667,-68.9333,68.49,19,0,5.75,clear sky
478,Socorro,US,31.6546,-106.3033,60.87,26,0,6.91,clear sky
479,Hay River,CA,60.8156,-115.7999,13.98,85,100,4.61,mist
480,Kuytun,RU,54.3419,101.5036,5.41,97,100,4.7,overcast clouds
481,Loknya,RU,56.83,30.1467,35.65,88,1,2.3,clear sky
482,Bulaevo,KZ,54.9056,70.4439,8.26,97,71,8.41,broken clouds
483,Tacoronte,ES,28.4769,-16.4102,62.46,82,75,14,broken clouds
484,Atasu,KZ,48.6814,71.6433,4.06,99,23,3.87,few clouds
485,Ayan,RU,56.45,138.1667,4.82,94,94,6.87,overcast clouds
486,Jalu,LY,29.0331,21.5482,68.04,25,61,21.9,broken clouds
487,Salalah,OM,17.0151,54.0924,83.26,25,0,7.23,clear sky
488,Colquechaca,BO,-18.6667,-66.0167,39.29,69,100,6.35,overcast clouds
489,Beira,MZ,-19.8436,34.8389,82.49,65,75,6.91,broken clouds
490,Terrasini,IT,38.146,13.0844,58.57,57,75,8.05,broken clouds
491,Gold Coast,AU,-28,153.4333,73,87,100,12.66,overcast clouds
492,Rabo De Peixe,PT,37.8,-25.5833,57.27,83,40,16.11,scattered clouds
493,Mbandaka,CD,0.0487,18.2603,92.82,40,29,3.74,scattered clouds
494,Niquero,CU,20.0431,-77.5828,82.78,60,0,4.14,clear sky
495,Rundu,NA,-17.9333,19.7667,73,75,99,5.68,light rain
496,Bilma,NE,18.6853,12.9164,92.5,2,0,10.18,clear sky
497,Capreol,CA,46.706,-80.9225,36.55,96,100,13.8,light rain
498,Varkaus,FI,62.3153,27.873,40.3,73,18,13.87,few clouds
499,Woodland,US,38.6785,-121.7733,54.99,68,100,12.66,overcast clouds
500,Matara,LK,5.9485,80.5353,78.1,86,94,8.95,overcast clouds
501,Fuerte Olimpo,PY,-21.0415,-57.8738,80.17,74,99,5.97,overcast clouds
502,Mbanza-Ngungu,CD,-5.25,14.8667,81.79,70,39,5.08,light rain
503,Umba,RU,66.6871,34.3429,36.77,83,98,20.2,overcast clouds
504,Tacuarembo,UY,-31.7333,-55.9833,63.12,49,0,13.09,clear sky
505,Pital,CO,2.2665,-75.8044,75.61,78,97,1.54,overcast clouds
506,Hualmay,PE,-11.0964,-77.6139,73.76,73,41,9.33,scattered clouds
507,Olafsvik,IS,64.8945,-23.7142,32.25,94,100,14.47,snow
508,Kudahuvadhoo,MV,2.6708,72.8944,83.97,74,9,16.13,clear sky
509,Pisco,PE,-13.7,-76.2167,71.65,83,20,8.05,mist
510,Vangazi,LV,57.0936,24.5486,38.62,88,81,4.29,broken clouds
511,Karpogory,RU,64.0019,44.4451,32.38,84,73,13.18,broken clouds
512,Madimba,TZ,-10.4,40.3333,81.75,80,100,6.38,overcast clouds
513,Toktogul,KG,41.8708,72.9402,39.16,89,100,0.89,moderate rain
514,Hastings,GB,50.8552,0.5729,58.78,40,0,19.51,clear sky
515,Aykhal,RU,66,111.5,9.57,95,100,11.56,overcast clouds
516,Kokopo,PG,-4.352,152.2633,77.63,79,90,3.33,overcast clouds
517,Nahavand,IR,34.1885,48.377,47.21,40,2,5.82,clear sky
518,Carberry,CA,49.8689,-99.3602,25.03,85,6,7.58,clear sky
519,Wau,SS,7.7029,27.9953,101.14,12,78,5.77,broken clouds
520,Hirna,ET,9.2167,41.1,74.37,35,90,6.42,overcast clouds
521,Kamenka,RU,51.3223,42.7678,20.91,93,47,4.34,scattered clouds
522,Halifax,CA,44.6453,-63.5724,39.09,63,100,6.91,overcast clouds
523,Naryan-Mar,RU,67.6713,53.087,26.28,85,9,17.43,clear sky
524,Tongchuan,CN,35.0806,109.0897,43.18,64,73,2.08,broken clouds
525,Ovre Ardal,NO,61.3167,7.8,39.54,82,100,1.57,overcast clouds
526,Semnan,IR,35.5729,53.3971,52.05,29,2,4.59,clear sky
527,Tres Arroyos,AR,-38.3739,-60.2798,66.87,23,7,7.94,clear sky
528,Bose,IT,45.4612,8.0137,57.29,48,9,5.08,clear sky
529,Sisimiut,GL,66.9395,-53.6735,-4.23,82,82,3.11,broken clouds
530,Iquique,CL,-20.2208,-70.1431,68.04,62,13,9.13,few clouds
531,Jining,CN,35.405,116.5814,35.94,53,50,3.42,scattered clouds
532,Kyaka,TZ,-1.2522,31.4203,79.7,50,37,7.16,scattered clouds
533,Shu,KZ,43.5983,73.7614,36.79,67,100,6.22,overcast clouds
534,Ngawen,ID,-7.0032,111.3129,75.06,95,100,5.68,overcast clouds
535,Hanstholm,DK,57.1167,8.6167,51.62,55,0,3.65,clear sky
536,Berkak,NO,62.825,10.0118,39.67,89,83,8.63,broken clouds
537,Najran,SA,17.4924,44.1277,75.85,16,80,16.6,broken clouds
538,Bima,ID,-8.4667,118.7167,76.44,95,100,3.51,overcast clouds
539,Ponta Delgada,PT,37.7333,-25.6667,58.5,62,40,16.11,scattered clouds
540,Benghazi,LY,32.1167,20.0667,60.26,51,100,26.78,overcast clouds
541,Mapimi,MX,25.8167,-103.85,57.54,30,0,6.6,clear sky
542,Mgandu,TZ,-5.95,34.1333,67.91,90,100,4.03,light rain
543,Leningradskiy,RU,69.3833,178.4167,-10.28,73,4,7.14,clear sky
544,Nabire,ID,-3.3667,135.4833,76.5,92,97,3.24,overcast clouds
545,Bathsheba,BB,13.2167,-59.5167,83.01,69,75,24.16,broken clouds
546,Tutoia,BR,-2.7619,-42.2744,81.52,81,100,5.17,overcast clouds
547,Astoria,US,46.1879,-123.8313,45.86,94,20,5.75,few clouds
548,Mareeba,AU,-17,145.4333,74.12,88,99,2.21,overcast clouds
549,Mehamn,NO,71.0357,27.8492,35.78,72,73,34.69,light rain
550,Itarema,BR,-2.9248,-39.9167,86.02,64,95,9.37,overcast clouds
551,Virginia Beach,US,36.8529,-75.978,74.01,65,46,13.11,scattered clouds
552,Srivardhan,IN,18.0333,73.0167,79.47,78,5,4.85,clear sky
553,Sibu,MY,2.3,111.8167,75.51,100,40,3.44,scattered clouds
554,Jatai,BR,-17.8814,-51.7144,82.8,62,5,4.52,clear sky
555,Ondjiva,AO,-17.0667,15.7333,85.32,34,87,7.81,overcast clouds
556,Dzilam Gonzalez,MX,21.2833,-88.9333,84.83,60,13,8.5,few clouds
557,Magdagachi,RU,53.45,125.8,-8.36,96,58,2.46,broken clouds
558,Coolum Beach,AU,-26.5333,153.1,71.11,98,52,9.69,light rain
559,Obzor,BG,42.8167,27.8833,39.42,51,53,18.34,broken clouds
560,Charters Towers,AU,-20.1,146.2667,72.45,76,11,9.1,few clouds
561,Great Yarmouth,GB,52.6083,1.7305,54.41,70,0,20.15,clear sky
562,Coracao De Jesus,BR,-16.6853,-44.365,86.45,38,3,3.87,clear sky
563,Saint John,CA,45.2727,-66.0677,35.6,82,100,11.5,snow
564,Presidencia Roque Saenz Pena,AR,-26.7852,-60.4388,75.83,42,0,8.95,clear sky
565,Armizonskoye,RU,55.9461,67.6736,13.06,95,51,11.79,broken clouds
566,Freising,DE,48.4035,11.7488,50.41,37,0,11.5,clear sky
567,Caravelas,BR,-17.7125,-39.2481,85.84,56,17,7.74,few clouds
568,Byron Bay,AU,-28.65,153.6167,69.69,76,99,16.6,overcast clouds
569,Shitkino,RU,56.3703,98.3543,19.29,93,100,10,light snow
570,Veraval,IN,20.9,70.3667,78.4,71,1,12.73,clear sky
571,Perivolion,GR,39.4206,20.0147,54.95,40,19,4.43,few clouds
572,Zachary,US,30.6485,-91.1565,61.74,64,0,9.22,clear sky
573,Belaya Gora,RU,68.5333,146.4167,-17.93,100,100,3.18,overcast clouds
574,Weligama,LK,5.9667,80.4167,78.48,85,95,9.24,overcast clouds
575,Stokmarknes,NO,68.5646,14.9108,39.79,98,100,4.41,light rain
576,Laguna,US,38.421,-121.4238,55.11,75,40,9.22,scattered clouds
577,Beyneu,KZ,45.3167,55.2,30.09,47,0,8.63,clear sky
578,Krasnyy Chikoy,RU,50.3643,108.7512,-1.97,100,28,2.59,scattered clouds
579,Jieshou,CN,33.2634,115.3611,42.75,70,100,7,overcast clouds
580,Gua Musang,MY,4.8823,101.9644,74.03,99,100,1.3,overcast clouds
581,Karaton,ID,-6.3424,106.1045,75.16,93,96,5.75,overcast clouds
582,Haines Junction,CA,60.7522,-137.5108,15.75,79,92,3.44,overcast clouds
583,Mitsamiouli,KM,-11.3847,43.2844,86.29,74,20,5.75,light rain
584,Gobo,JP,33.8833,135.15,49.95,84,62,12.5,broken clouds
585,Tselinnoye,RU,53.0833,85.6667,9.05,98,89,5.55,overcast clouds
586,Olinda,BR,-8.0089,-34.8553,85.73,66,40,11.5,scattered clouds
587,Rotterdam,NL,51.9225,4.4792,58.91,37,0,19.57,clear sky
588,Lahat,ID,-3.8,103.5333,74.48,86,100,2.21,heavy intensity rain
589,Dombarovskiy,RU,50.7587,59.5386,-5.4,96,4,2.04,clear sky
590,Mundo Nuevo,MX,18.7,-95.5,73.8,86,100,17.67,overcast clouds
591,Knysna,ZA,-34.0363,23.0471,73.78,79,1,8.46,clear sky
592,Pedro Carbo,EC,-1.8333,-80.2333,75.6,93,100,1.54,light rain
593,Russell,US,32.3502,-85.1999,61.88,66,20,9.22,few clouds
594,Makat,KZ,47.6469,53.3463,22.66,94,98,8.03,overcast clouds
595,Mandalgovi,MN,45.7625,106.2708,14,71,8,12.3,clear sky
596,Margate,GB,51.3813,1.3862,55.31,64,0,5.99,clear sky
597,Yagodnoye,RU,62.55,149.6667,-12.05,97,18,3.36,few clouds
598,Goma,CD,-1.6792,29.2228,70.18,73,63,2.06,broken clouds
599,Helong,CN,42.5397,128.9972,14.7,92,47,4.23,scattered clouds
600,Maralal,KE,1.0968,36.698,72.54,37,51,16.42,broken clouds
601,Quatre Cocos,MU,-20.2078,57.7625,82.09,81,45,3.53,light rain
602,Baykit,RU,61.67,96.37,21.83,93,100,7.49,overcast clouds
603,Nibbar,TN,36.2941,8.7666,48.88,93,40,8.05,scattered clouds
604,Yar-Sale,RU,66.8333,70.8333,28.9,87,100,12.97,overcast clouds
605,Pacifica,US,37.6138,-122.4869,53.53,83,100,6.91,mist
606,Pombia,IT,45.653,8.6336,57.96,41,0,9.22,clear sky
607,Havelock,US,34.8791,-76.9013,75.97,79,40,13.8,scattered clouds
608,Nelson Bay,AU,-32.7167,152.15,66,84,82,1.01,broken clouds
609,Kamennomostskiy,RU,44.2983,40.1856,30.04,87,100,13.15,light snow
610,Filadelfia,US,39.9523,-75.1638,70.27,67,40,11.5,scattered clouds
611,Miraflores,MX,19.2167,-98.8083,63.03,35,0,4.54,clear sky
612,Rio Gallegos,AR,-51.6226,-69.2181,51.85,40,20,20.71,few clouds
613,Tsumeb,NA,-19.2333,17.7167,73.51,60,65,13.6,broken clouds
614,Mildura,AU,-34.2,142.15,67.96,64,31,0,scattered clouds
615,Batangafo,CF,7.3008,18.2833,101.28,10,3,3.13,clear sky
616,Port-Gentil,GA,-0.7193,8.7815,80.56,83,20,8.05,few clouds
617,Noumea,NC,-22.2763,166.4572,75.18,80,100,3.33,overcast clouds
618,Cape Canaveral,US,28.4058,-80.6048,83.08,73,75,9.22,broken clouds
619,Waddan,LY,29.1614,16.139,81.12,13,42,24.16,scattered clouds
620,Northam,GB,51.0333,-4.2167,54.25,71,0,22.53,clear sky
621,Broken Hill,AU,-31.95,141.4333,73.11,53,0,5.75,clear sky
622,Old Saybrook,US,41.2918,-72.3762,58.71,97,100,3.44,fog
623,Jaisalmer,IN,26.9147,70.9181,89.91,11,0,14.83,clear sky
624,Paranaiba,BR,-19.6772,-51.1908,89.76,52,52,3.44,broken clouds
625,Imbituba,BR,-28.24,-48.6703,79.83,78,98,18.07,overcast clouds
626,Lucea,JM,18.451,-78.1736,81.86,64,22,12.62,few clouds
627,Kibungo,RW,-2.1597,30.5427,79.72,78,86,2.51,overcast clouds
628,Elizabeth City,US,36.2946,-76.2511,74.01,71,100,13.8,overcast clouds
629,Bakel,SN,14.905,-12.4568,102.24,10,1,3.67,clear sky
630,Kefamenanu,ID,-9.4467,124.4781,71.28,92,93,1.9,overcast clouds
631,Gazojak,TM,41.1875,61.4036,39.85,37,0,9.69,clear sky
632,Albury,AU,-36.0833,146.9167,67.01,97,31,1.01,scattered clouds
633,Phan Thiet,VN,10.9333,108.1,77.56,92,97,6.31,overcast clouds
634,La Ronge,CA,55.1001,-105.2842,26.85,68,0,2.3,clear sky
635,Owando,CG,-0.4819,15.8999,89.02,46,73,3.2,broken clouds
636,Brooks,CA,50.5834,-111.8851,30.18,80,99,3.44,overcast clouds
637,Gat,IL,31.61,34.7642,57.81,1,17,10.83,few clouds
638,Necochea,AR,-38.5473,-58.7368,64.22,43,10,15.37,clear sky
639,Xichang,CN,27.8964,102.2634,62.96,31,23,2.37,few clouds
640,Mulchen,CL,-37.7167,-72.2333,67.86,14,97,3.56,overcast clouds
641,Soyo,AO,-6.1349,12.3689,82.67,70,41,12.17,scattered clouds
642,Munger,IN,25.3833,86.4667,85.6,23,19,3.09,few clouds
643,Emba,KZ,48.8264,58.1442,-2.25,95,7,5.59,clear sky
644,Shangzhi,CN,45.2167,127.9667,7.95,96,16,1.28,few clouds
645,Kasama,ZM,-10.2129,31.1808,66.85,92,100,3.22,light rain
646,Yarensk,RU,62.1675,49.0916,32.14,84,100,8.12,overcast clouds
647,Chirongui,YT,-12.9319,45.1483,85.93,75,64,7.58,light rain
648,Moron,AR,-34.6534,-58.6198,64.98,38,6,6.2,clear sky
649,Oskarshamn,SE,57.2645,16.4484,41.5,57,0,3.87,clear sky
650,Leeton,AU,-34.5667,146.4,68.05,68,82,8.05,broken clouds
651,Belmonte,BR,-15.8631,-38.8828,83.79,63,11,7.85,few clouds
652,Zhigansk,RU,66.7697,123.3711,4.39,93,100,24.87,overcast clouds
653,Banamba,ML,13.55,-7.45,102.67,11,9,3.31,clear sky
654,Dosso,NE,13.049,3.1937,103.6,7,27,4.25,scattered clouds
655,Ninghai,CN,29.2892,121.4247,48.04,90,100,3.36,overcast clouds
656,Cabra,ES,37.4725,-4.4421,61.18,52,75,1.59,broken clouds
657,Segovia,ES,41.1667,-4,50.43,51,87,4.74,overcast clouds
658,Samarai,PG,-10.6167,150.6667,83.16,78,93,10.16,overcast clouds
659,Moranbah,AU,-22.0016,148.0466,70.47,80,5,10.02,clear sky
660,Pierre,US,44.3683,-100.351,46.85,50,0,11.5,clear sky
661,Anadyr,RU,64.75,177.4833,-3.5,71,75,2.24,broken clouds
662,Akom,CM,2.6678,12.7109,83.8,51,59,3.91,broken clouds
663,Cunha,BR,-23.0744,-44.9597,86.74,51,51,0.98,broken clouds
664,Beaver Falls,US,40.752,-80.3192,62.96,79,100,15.01,overcast clouds
665,Itirapina,BR,-22.2528,-47.8228,82.99,58,100,1.77,overcast clouds
666,Sinnamary,GF,5.3833,-52.95,79.88,83,54,12.91,broken clouds
667,Ngunguru,NZ,-35.6167,174.5,67.51,77,100,21.56,overcast clouds
668,Portales,US,34.1862,-103.3344,50.94,21,0,9.04,clear sky
669,San Cristobal,VE,7.7669,-72.225,73.58,59,95,6.51,overcast clouds
670,Abonnema,NG,4.7084,6.7931,90.55,52,100,13.58,overcast clouds
671,Sarakhs,IR,36.5449,61.1577,46.54,57,9,4.61,clear sky
672,Flin Flon,CA,54.7682,-101.865,28.24,93,20,6.91,few clouds
673,Ust-Omchug,RU,61.15,149.6333,-8.81,99,90,2.68,overcast clouds
674,Goderich,CA,43.7501,-81.7165,47.91,87,100,8.05,overcast clouds
675,Edson,CA,53.5835,-116.4356,24.94,74,0,3.44,clear sky
676,Parrita,CR,9.5201,-84.3225,85.19,62,100,4.38,overcast clouds
677,Oksfjord,NO,70.2396,22.3479,37.99,76,100,32.44,overcast clouds
678,Tignere,CM,7.3667,12.65,93.11,8,4,5.86,clear sky
679,Lipin Bor,RU,60.2622,37.9763,33.28,88,95,9.06,overcast clouds
680,Khani,GE,41.9563,42.9566,29.77,96,99,1.99,overcast clouds
681,Meulaboh,ID,4.1363,96.1285,76.89,87,100,2.62,overcast clouds
